SampleID,KitID,RunID,Project,Client,AnimalType,AnalysisType,SampleLocation,Age,Treatment,TreatmentNumber,Alfa_Shannon,Alfa_Observed,ratio1,ratio1LOG,ratio2,ratio2LOG,ratio3,ratio3LOG
H003_01C-M,H003,20181130,E267,Iluma,Broiler,M,C,42.0,Negative control,1.0,6.466163259612718,195,179.0,5.187385805840755,819.0625,6.708160393517725,0.08548913476080557,-2.4593659899356077
H003_03C-M,H003,20181130,E267,Iluma,Broiler,M,C,42.0,Negative control,1.0,4.050648810710298,94,150.44908021998862,5.013624689531203,10000.747202730894,9.210415089457852,0.01520985752791683,-4.185811539755672
H003_04C-M,H003,20181130,E267,Iluma,Broiler,M,C,42.0,Negative control,1.0,6.554870377679137,171,64.24999999999999,4.162781723775329,561.25,6.330166439056464,0.03577892245579841,-3.330396317179582
H003_05C-M,H003,20181130,E267,Iluma,Broiler,M,C,42.0,Negative control,1.0,5.239390121735381,110,243.92373958480442,5.49685563375633,123.94871794871796,4.8198679151337815,0.02489506440874222,-3.6930857116753417
H003_07C-M,H003,20181130,E267,Iluma,Broiler,M,C,42.0,Negative control,1.0,5.707333445169706,153,18.291666666666664,2.9064455827272258,50.035422343324235,3.912731201464609,0.022490906296429122,-3.7946442160714393
H003_08C-M,H003,20181130,E267,Iluma,Broiler,M,C,42.0,Negative control,1.0,5.6481725172092245,102,12.666666666666668,2.538973871058276,1678.3333333333335,7.425556516484553,0.007272727272727274,-4.923623917106626
H003_09C-M,H003,20181130,E267,Iluma,Broiler,M,C,42.0,Negative control,1.0,6.0540076609191065,142,1434.0429764243618,7.2682529903230115,61.33050847457626,4.116277410400463,0.16659504369001576,-1.792189299451737
H003_10C-M,H003,20181130,E267,Iluma,Broiler,M,C,42.0,Negative control,1.0,6.325282698540459,193,277.25000000000006,5.624919626230477,1433.7272727272727,7.268032816689187,0.07198026870902836,-2.631363243231408
H006_01C-M,H006,20181130,E267,Iluma,Broiler,M,C,42.0,Positive control,3.0,6.78152274152628,223,322.13912677242735,5.774983522950556,785.9411764705882,6.6668819505326775,0.03314235985205598,-3.406943060947537
H006_02C-M,H006,20181130,E267,Iluma,Broiler,M,C,42.0,Positive control,3.0,6.5803130311867735,235,583.6666666666666,6.369330043617742,790.4615384615383,6.672617000768238,0.08848797250859108,-2.4248886400617473
H006_03C-M,H006,20181130,E267,Iluma,Broiler,M,C,42.0,Positive control,3.0,6.593010882286039,172,32.545454545454554,3.48263771360233,68.5940594059406,4.228205933401012,0.0492028587135789,-3.0118035532373124
H006_04C-M,H006,20181130,E267,Iluma,Broiler,M,C,42.0,Positive control,3.0,6.170815434293707,154,27.727272727272727,3.322416503809041,1041.9090909090908,6.948809973698329,0.026770824190292284,-3.620442634090704
H006_07C-M,H006,20181130,E267,Iluma,Broiler,M,C,42.0,Positive control,3.0,6.1777049757845655,122,29.666666666666664,3.39002408106403,838.2222222222222,6.731283246977074,0.035771704180064305,-3.3305980841269305
H006_08C-M,H006,20181130,E267,Iluma,Broiler,M,C,42.0,Positive control,3.0,6.084600772795143,185,31.0625,3.4360013038568473,535.5217391304349,6.283241485012335,0.0397250419630725,-3.225773510220771
H006_09C-M,H006,20181130,E267,Iluma,Broiler,M,C,42.0,Positive control,3.0,5.88690278508744,158,9.000000000000002,2.1972245773362196,182.26229508196724,5.205446831340104,0.049207673060884076,-3.011705711121795
H009_01C-M,H009,20181130,E267,Iluma,Broiler,M,C,42.0,Varium,4.0,6.130227681785039,188,989.8612126646893,6.8975647440736205,641.5909090909092,6.463950887329274,0.1093510866238139,-2.2131915947910934
H009_02C-M,H009,20181130,E267,Iluma,Broiler,M,C,42.0,Varium,4.0,5.49780073368239,161,78.66666666666666,4.3652195163575005,1023.7272727272726,6.931205434898655,0.039918809201623814,-3.2209076576024276
H009_04C-M,H009,20181130,E267,Iluma,Broiler,M,C,42.0,Varium,4.0,6.176430917900512,134,1260.6331384015596,7.139369364534189,9994.332943469786,9.20977350568482,0.14355773517610346,-1.9410179889758
H009_05C-M,H009,20181130,E267,Iluma,Broiler,M,C,42.0,Varium,4.0,6.204863735524908,172,96.0,4.564348191467836,217.82222222222222,5.383679235699173,0.05653155363627442,-2.872956325278394
H009_06C-M,H009,20181130,E267,Iluma,Broiler,M,C,42.0,Varium,4.0,6.182266294339778,147,318.6362995346214,5.764050325495075,9749.369059371034,9.184957850038609,0.032770171861345766,-3.418236571813217
H009_07C-M,H009,20181130,E267,Iluma,Broiler,M,C,42.0,Varium,4.0,5.776842469214407,112,529.8027122422442,6.2725046961949,637.375,6.45735817937532,0.05569719552853502,-2.8878254828939496
H009_08C-M,H009,20181130,E267,Iluma,Broiler,M,C,42.0,Varium,4.0,6.300096831571573,190,343.35159629248193,5.838754984225768,2407.7999999999997,7.786468746500926,0.03540200469183195,-3.3409868307330433
H009_09C-M,H009,20181130,E267,Iluma,Broiler,M,C,42.0,Varium,4.0,5.344833147610474,179,231.77388291639068,5.445762253791606,768.68,6.644674758064227,0.023625743193908415,-3.745418348153908
H012_01C-M,H012,20181130,E267,Iluma,Broiler,M,C,42.0,Biostrong,6.0,6.682983958269506,238,39.92857142857142,3.6870921435398403,404.96296296296305,6.003795613450616,0.05203146088332479,-2.955906726362684
H012_02C-M,H012,20181130,E267,Iluma,Broiler,M,C,42.0,Biostrong,6.0,4.360115379045625,115,618.3601855757065,6.427071112237582,1736.25,7.459482894068554,0.06561797752808989,-2.7239055728920043
H012_03C-M,H012,20181130,E267,Iluma,Broiler,M,C,42.0,Biostrong,6.0,4.540289210217433,124,295.91540543249477,5.690073621019826,10667.40142327353,9.274947774173294,0.030362490963544358,-3.4945472822728494
H012_04C-M,H012,20181130,E267,Iluma,Broiler,M,C,42.0,Biostrong,6.0,5.9116791132001785,112,1217.7318531169942,7.104745270598194,10549.71562766866,9.263854183817578,0.13799805636540333,-1.9805156782327886
H012_05C-M,H012,20181130,E267,Iluma,Broiler,M,C,42.0,Biostrong,6.0,6.144733622562288,150,28.315789473684212,3.343419580995344,172.99999999999997,5.153291594497778,0.06588292921871172,-2.719875911717737
H012_06C-M,H012,20181130,E267,Iluma,Broiler,M,C,42.0,Biostrong,6.0,5.27134862607619,111,11.250000000000002,2.4203681286504293,123.72222222222224,4.818038909361203,0.02658003544004726,-3.6275948923628154
H012_07C-M,H012,20181130,E267,Iluma,Broiler,M,C,42.0,Biostrong,6.0,5.277161082926107,99,304.3465332380272,5.718166964167081,3374.5000000000005,8.12400244418346,0.031254607106000296,-3.465588486274067
H012_08C-M,H012,20181130,E267,Iluma,Broiler,M,C,42.0,Biostrong,6.0,5.9301409488013,138,120.79736502935701,4.794114472591929,3373.5,8.12370606006748,0.012175677634439773,-4.408314953702795
H012_09C-M,H012,20181130,E267,Iluma,Broiler,M,C,42.0,Biostrong,6.0,6.508251687492744,191,8.171428571428573,2.100643749330439,149.15238095238095,5.00496847430891,0.05631768953068593,-2.876746591931847
H012_10C-M,H012,20181130,E267,Iluma,Broiler,M,C,42.0,Biostrong,6.0,5.665919334685725,204,101.57142857142857,4.620762280747927,441.43589743589746,6.090032816831864,0.04135644485807352,-3.1855270085191054
H015_01C-M,H015,20181130,E267,Iluma,Broiler,M,C,42.0,Natur2,8.0,5.334674435093223,108,231.3140321217244,5.443776233725517,329.2142857142857,5.796708863105249,0.023577763357127402,-3.747451241759082
H015_02C-M,H015,20181130,E267,Iluma,Broiler,M,C,42.0,Natur2,8.0,6.442678715230128,170,295.70727451194244,5.6893700275431245,4246.499999999999,8.353850393220064,0.030340487695246658,-3.4952722308584874
H015_03C-M,H015,20181130,E267,Iluma,Broiler,M,C,42.0,Natur2,8.0,6.029338004864401,140,408.5414004433433,6.012593256639274,901.0000000000002,6.803505257608339,0.04240859045806715,-3.160404332122782
H015_04C-M,H015,20181130,E267,Iluma,Broiler,M,C,42.0,Natur2,8.0,5.550236788421832,129,726.7236842105264,6.588546328546745,10183.134615384615,9.228488161703712,0.07801418439716312,-2.5508646175797978
H015_06C-M,H015,20181130,E267,Iluma,Broiler,M,C,42.0,Natur2,8.0,6.3648335939111655,162,69.99999999999999,4.2484952420493585,1038.625,6.9456530019851455,0.04138094112083235,-3.1849348635489747
H015_07C-M,H015,20181130,E267,Iluma,Broiler,M,C,42.0,Natur2,8.0,6.251987343512766,138,371.5352474323062,5.9176437383443465,305.65384615384613,5.722453239918697,0.03841958550478729,-3.259187910227063
H015_08C-M,H015,20181130,E267,Iluma,Broiler,M,C,42.0,Natur2,8.0,6.1355660215431005,160,56.666666666666664,4.037186148382152,1952.1666666666667,7.5766951458418195,0.0286774628879892,-3.551643729925661
H015_09C-M,H015,20181130,E267,Iluma,Broiler,M,C,42.0,Natur2,8.0,6.071768524615242,172,525.8289272226192,6.264975926420778,584.5625,6.37086370419477,0.05525635501938819,-2.8957719222235583
H018_01C-M,H018,20181130,E271,Iluma,Broiler,M,C,42.0,Control Positivo: basal sin antibióticos y sin coccidiostato sin reto,1.0,6.1546292647592935,168,808.0472856418063,6.694620578642678,3139.3333333333326,8.05176574213539,0.08750827631869346,-2.4360219035922355
H018_02C-M,H018,20181130,E271,Iluma,Broiler,M,C,42.0,Control Positivo: basal sin antibióticos y sin coccidiostato sin reto,1.0,6.340320315214779,200,16.03030303030303,2.774480870391819,380.97297297297297,5.942728435531737,0.038486722444525286,-3.2574419687410465
H018_03C-M,H018,20181130,E271,Iluma,Broiler,M,C,42.0,Control Positivo: basal sin antibióticos y sin coccidiostato sin reto,1.0,5.254325939744057,119,28.30769230769231,3.343133580707394,333.7999999999999,5.810542011227734,0.05458320973005044,-2.908028957625075
H018_04C-M,H018,20181130,E271,Iluma,Broiler,M,C,42.0,Control Positivo: basal sin antibióticos y sin coccidiostato sin reto,1.0,5.916512223002314,123,13.210526315789474,2.5810139599653437,262.3684210526316,5.5697497032294985,0.050625252117789434,-2.983304773463352
H018_05C-M,H018,20181130,E271,Iluma,Broiler,M,C,42.0,Control Positivo: basal sin antibióticos y sin coccidiostato sin reto,1.0,6.093652717763709,167,38.24999999999999,3.6441435602725445,493.7222222222222,6.20197305584231,0.016266213055496487,-4.118665141112558
H018_06C-M,H018,20181130,E271,Iluma,Broiler,M,C,42.0,Control Positivo: basal sin antibióticos y sin coccidiostato sin reto,1.0,5.55173737837703,197,48.416666666666664,3.879844107063911,638.3333333333334,6.458860612946637,0.03510998307952622,-3.349269770729391
H018_07C-M,H018,20181130,E271,Iluma,Broiler,M,C,42.0,Control Positivo: basal sin antibióticos y sin coccidiostato sin reto,1.0,5.829992627522247,129,544.0216698534098,6.298989080351935,10396.107074569789,9.249186695301432,0.057277628032345006,-2.8598451672370095
H018_08C-M,H018,20181130,E271,Iluma,Broiler,M,C,42.0,Control Positivo: basal sin antibióticos y sin coccidiostato sin reto,1.0,2.446986475153898,35,7.605633802816901,2.0288892625170045,57.40625000000002,4.050153182415399,0.07420640373780403,-2.6009048287887664
H018_09C-M,H018,20181130,E271,Iluma,Broiler,M,C,42.0,Control Positivo: basal sin antibióticos y sin coccidiostato sin reto,1.0,5.733259855117022,122,688.9039054470709,6.535101791689004,1409.8000000000002,7.251203129339776,0.0736551724137931,-2.6083609088885256
H018_10C-M,H018,20181130,E271,Iluma,Broiler,M,C,42.0,Control Positivo: basal sin antibióticos y sin coccidiostato sin reto,1.0,5.185622498521531,98,138.0,4.927253685157205,403.0,5.998936561946683,0.08712121212121215,-2.4404548872171663
H021_01C-M,H021,20181130,E271,Iluma,Broiler,M,C,42.0,Control Negativo: basal sin antibióticos y sin coccidiostato con reto,2.0,6.092986337358794,139,649.95717275801,6.476906472654369,2937.0,7.98514393119862,0.06920296092270614,-2.6707116293735114
H021_02C-M,H021,20181130,E271,Iluma,Broiler,M,C,42.0,Control Negativo: basal sin antibióticos y sin coccidiostato con reto,2.0,6.142579601777947,166,893.6260512419324,6.795287400465602,455.4,6.121176153629639,0.09768140832975526,-2.326044031493336
H021_03C-M,H021,20181130,E271,Iluma,Broiler,M,C,42.0,Control Negativo: basal sin antibióticos y sin coccidiostato con reto,2.0,5.91402718582464,153,2.0,0.6931471805599453,43.742222222222225,3.7783138192215033,0.021830716200689392,-3.8244373008645787
H021_04C-M,H021,20181130,E271,Iluma,Broiler,M,C,42.0,Control Negativo: basal sin antibióticos y sin coccidiostato con reto,2.0,6.744185447162457,200,439.0480666903157,6.084608898403338,10420.318907413977,9.251512920157065,0.045720114995826774,-3.085216924839382
H021_05C-M,H021,20181130,E271,Iluma,Broiler,M,C,42.0,Control Negativo: basal sin antibióticos y sin coccidiostato con reto,2.0,6.655135947453941,192,944.2675043064139,6.850409499208844,4562.5,8.425625997890746,0.10379152220109607,-2.2653709859491173
H021_06C-M,H021,20181130,E271,Iluma,Broiler,M,C,42.0,Control Negativo: basal sin antibióticos y sin coccidiostato con reto,2.0,6.416911370473021,219,54.11764705882353,3.9911603259868698,309.32000000000005,5.734376339740835,0.058427537152292645,-2.8399679737013264
H021_07C-M,H021,20181130,E271,Iluma,Broiler,M,C,42.0,Control Negativo: basal sin antibióticos y sin coccidiostato con reto,2.0,6.657580999842691,210,349.6317300789663,5.856880400758283,3407.6666666666665,8.133783074088905,0.0360728895500186,-3.3222136777654816
H021_08C-M,H021,20181130,E271,Iluma,Broiler,M,C,42.0,Control Negativo: basal sin antibióticos y sin coccidiostato con reto,2.0,6.114921572336367,146,127.21053965036737,4.84584350635995,3723.0,8.222285073872717,0.012830382345393894,-4.355939299910563
H021_09C-M,H021,20181130,E271,Iluma,Broiler,M,C,42.0,Control Negativo: basal sin antibióticos y sin coccidiostato con reto,2.0,5.402056339898516,113,2.36,0.8586616190375187,144.62903225806454,4.974172065906957,0.011768225790366009,-4.442352109058261
H021_10C-M,H021,20181130,E271,Iluma,Broiler,M,C,42.0,Control Negativo: basal sin antibióticos y sin coccidiostato con reto,2.0,6.236479481508168,175,0.27318548387096775,-1.2976042864051718,10.296296296296296,2.3317842476863078,0.023746933052926744,-3.7403018914536896
H024_01C-M,H024,20181130,E271,Iluma,Broiler,M,C,42.0,Basal + Alterion,3.0,5.087855204850313,117,499.1259335565284,6.212858435767869,750.8000000000001,6.6211393047123535,0.052303523035230344,-2.9506915481296874
H024_02C-M,H024,20181130,E271,Iluma,Broiler,M,C,42.0,Basal + Alterion,3.0,3.58242167806559,47,4016.329152502637,8.298123618297526,26.78354978354978,3.287787885009195,0.6665364328970502,-0.4056604778460135
H024_03C-M,H024,20181130,E271,Iluma,Broiler,M,C,42.0,Basal + Alterion,3.0,6.301613659951701,165,165.83333333333331,5.110983267930537,545.5714285714286,6.3018337381702025,0.13090382844362586,-2.0332923594074477
H024_04C-M,H024,20181130,E271,Iluma,Broiler,M,C,42.0,Basal + Alterion,3.0,6.208551088153024,159,23.218749999999996,3.1449601419180326,129.29090909090908,4.862064974651047,0.10905621605753704,-2.2158917860559093
H024_05C-M,H024,20181130,E271,Iluma,Broiler,M,C,42.0,Basal + Alterion,3.0,6.023892119753944,158,58.800000000000004,4.074141854904581,353.50000000000006,5.867883485336628,0.05675675675675675,-2.8689805679148472
H024_06C-M,H024,20181130,E271,Iluma,Broiler,M,C,42.0,Basal + Alterion,3.0,5.841003230505562,169,7.662500000000001,2.03633830126233,101.98999999999997,4.624874769262426,0.06163901458019106,-2.786460255351861
H024_07C-M,H024,20181130,E271,Iluma,Broiler,M,C,42.0,Basal + Alterion,3.0,7.002723142247953,267,12.857142857142858,2.553899521274952,450.5641025641026,6.110500358966024,0.015063601874581568,-4.195473916907659
H024_08C-M,H024,20181130,E271,Iluma,Broiler,M,C,42.0,Basal + Alterion,3.0,5.762185433407778,222,81.4,4.399375273008495,274.64705882352945,5.615486850914721,0.08691010036301516,-2.442881023740947
H024_09C-M,H024,20181130,E271,Iluma,Broiler,M,C,42.0,Basal + Alterion,3.0,6.317698430367508,174,21.529411764705884,3.06941998934515,558.1052631578948,6.324547588242476,0.03224101479915433,-3.4345158854385125
H024_10C-M,H024,20181130,E271,Iluma,Broiler,M,C,42.0,Basal + Alterion,3.0,5.079957878181346,107,770.390595999175,6.646897653762445,9990.341513714167,9.20937405661526,0.08309135581862855,-2.487814603967819
H027_01C-M,H027,20181130,E271,Iluma,Broiler,M,C,42.0,Basal + Primalac,5.0,5.818313709243836,151,2.9344262295081966,1.0765119416674438,52.1111111111111,3.9533781911100596,0.033574041076620084,-3.3940020976174794
H027_03C-M,H027,20181130,E271,Iluma,Broiler,M,C,42.0,Basal + Primalac,5.0,5.648346166206251,131,8.681818181818182,2.161230974688314,68.06849315068493,4.22051445045393,0.025497263382725937,-3.6691841509012533
H027_04C-M,H027,20181130,E271,Iluma,Broiler,M,C,42.0,Basal + Primalac,5.0,5.569488813195929,144,18.210526315789473,2.9019997958912835,393.36666666666673,5.9747421709635935,0.023919806429312133,-3.733048442352511
H027_05C-M,H027,20181130,E271,Iluma,Broiler,M,C,42.0,Basal + Primalac,5.0,5.965801613683494,127,48.666666666666664,3.884994333040227,198.4375,5.290474189087011,0.03702294915684037,-3.296217311129709
H027_06C-M,H027,20181130,E271,Iluma,Broiler,M,C,42.0,Basal + Primalac,5.0,6.039019453721593,179,130.16666666666666,4.868815680611631,338.06060606060606,5.823225187280899,0.23678625568468922,-1.4405974195288704
H027_07C-M,H027,20181130,E271,Iluma,Broiler,M,C,42.0,Basal + Primalac,5.0,6.426070924065543,237,4.298342541436464,1.4582294929125659,56.56774193548388,4.035438892268551,0.04157093240716003,-3.1803540961601375
H027_08C-M,H027,20181130,E271,Iluma,Broiler,M,C,42.0,Basal + Primalac,5.0,5.382035303832434,163,6.866666666666668,1.9266787871274258,406.57142857142867,6.007759629594484,0.007883055257921323,-4.8430397271710595
H027_09C-M,H027,20181130,E271,Iluma,Broiler,M,C,42.0,Basal + Primalac,5.0,6.447235689901549,166,72.77777777777779,4.287410658299033,411.95454545454544,6.020913016696466,0.07263251275227324,-2.6223426233457774
H027_10C-M,H027,20181130,E271,Iluma,Broiler,M,C,42.0,Basal + Primalac,5.0,6.195234065512506,143,10.66666666666667,2.367123614131617,394.2142857142858,5.976894633824243,0.02304645300684192,-3.7702434039471275
H097_01C-M,H097,20190819,PilotStudy,Avicola Campesetre,Broiler,M,C,42.0,El Triunfo,35.0,6.232574980257494,283,155.875,5.0490544040002,16.28498074454429,2.790243256323094,0.04961999124587164,-3.003361477141883
H097_02C-M,H097,20190819,PilotStudy,Avicola Campesetre,Broiler,M,C,42.0,El Triunfo,35.0,6.208273555449924,297,82.42857142857143,4.411932117452786,64.97073170731707,4.173936887062623,0.023615601849957025,-3.7458476900406708
H097_03C-M,H097,20190819,PilotStudy,Avicola Campesetre,Broiler,M,C,42.0,El Triunfo,35.0,6.741963819219326,272,84.35294117647058,4.435009677103349,44.0402144772118,3.785103181897384,0.057419716505165364,-2.857367541515525
0070_01C-M,70,20211206,E335,Iluma,Broiler,M,C,42.0,LowCa,1.0,5.862901440943755,147,3.8524590163934427,1.3487116499708478,11.07415036045314,2.4046135960992014,0.019443984775773623,-3.9402175227773446
0070_02C-M,70,20211206,E335,Iluma,Broiler,M,C,42.0,LowCa,1.0,5.677417981850152,118,12.153846153846157,2.49764567556543,157.2093023255814,5.057578053343447,0.021461559358869876,-3.8414918809119993
0070_03C-M,70,20211206,E335,Iluma,Broiler,M,C,42.0,LowCa,1.0,5.885376104924394,174,5.731343283582089,1.7459499331967607,7.477064220183486,2.011840231011719,0.028560803272592042,-3.555720016115238
0070_04C-M,70,20211206,E335,Iluma,Broiler,M,C,42.0,LowCa,1.0,5.627650058818944,138,1.4216634429400388,0.3518276247044076,2.3990763379516435,0.875083804089781,0.05869200670765791,-2.8354517333511957
0070_05C-M,70,20211206,E335,Iluma,Broiler,M,C,42.0,LowCa,1.0,6.155993700717801,174,36.5,3.597312260588446,107.52027027027027,4.677679390446069,0.07882473289383951,-2.540528462153779
0070_06C-M,70,20211206,E335,Iluma,Broiler,M,C,42.0,LowCa,1.0,6.019521967421981,139,10.857142857142856,2.3848231912310176,9.693702290076335,2.2714764262105573,0.09647293498957295,-2.338492776404557
0071_01C-M,71,20211206,E335,Iluma,Broiler,M,C,42.0,LowCa+MediumAlphaD3,2.0,6.499858001494024,159,9.92982456140351,2.295542810368633,15.094961240310079,2.714360995438386,0.06578335657833566,-2.721388412184438
0071_02C-M,71,20211206,E335,Iluma,Broiler,M,C,42.0,LowCa+MediumAlphaD3,2.0,5.63795434811555,128,1.8783269961977187,0.630381485010158,18.710371819960862,2.9290780128817415,0.04537521815008726,-3.0927891786932578
0071_03C-M,71,20211206,E335,Iluma,Broiler,M,C,42.0,LowCa+MediumAlphaD3,2.0,6.386456998764566,149,1.472222222222222,0.3867729750960118,28.674242424242426,3.3559992432851784,0.026427324856644226,-3.633356771657986
0071_04C-M,71,20211206,E335,Iluma,Broiler,M,C,42.0,LowCa+MediumAlphaD3,2.0,5.875613903486811,119,35.87500000000001,3.580040674079785,7.9339933993399345,2.071156490145729,0.05211548937715635,-2.9542930735028605
0071_05C-M,71,20211206,E335,Iluma,Broiler,M,C,42.0,LowCa+MediumAlphaD3,2.0,5.408410678319703,115,35.5,3.56953269648137,5.17740712661107,1.6443043762437748,0.11304232453230728,-2.1799929770141544
0071_06C-M,71,20211206,E335,Iluma,Broiler,M,C,42.0,LowCa+MediumAlphaD3,2.0,5.617997791822615,126,5.820388349514564,1.7613669862379333,12.687687687687687,2.54063204981083,0.14328393881453158,-1.9429270312771896
0072_01C-M,72,20211206,E335,Iluma,Broiler,M,C,42.0,MediumLowCa,3.0,5.879235597849781,131,3.278481012658228,1.1873802092325163,18.31190476190476,2.9075513817796397,0.09891788669637173,-2.313465200322074
0072_02C-M,72,20211206,E335,Iluma,Broiler,M,C,42.0,MediumLowCa,3.0,5.789941715471242,141,2.1202531645569622,0.7515354987980998,5.169934640522876,1.6428600463752185,0.11425648021828105,-2.1693095311814754
0072_03C-M,72,20211206,E335,Iluma,Broiler,M,C,42.0,MediumLowCa,3.0,6.480736688951587,171,4.7611940298507465,1.5604984833938786,31.94370860927152,3.463975247795684,0.028527991414773742,-3.5568695188017463
0072_04C-M,72,20211206,E335,Iluma,Broiler,M,C,42.0,MediumLowCa,3.0,6.114015824921209,191,89.93749999999999,4.499114984647586,58.50234741784037,4.069066880233442,0.09557651434643995,-2.347828154937793
0072_05C-M,72,20211206,E335,Iluma,Broiler,M,C,42.0,MediumLowCa,3.0,6.308985386162107,190,30.891891891891888,3.430493751150586,34.873831775700936,3.551736742109536,0.07234177215189873,-2.6263535552202475
0072_06C-M,72,20211206,E335,Iluma,Broiler,M,C,42.0,MediumLowCa,3.0,5.619654321495342,143,10.477272727272727,2.349208409078387,13.632183908045977,2.612433460903087,0.035017090770983667,-3.3519190289337613
0073_01C-M,73,20211206,E335,Iluma,Broiler,M,C,42.0,MediumLowCa+MediumAlphaD3,4.0,6.329548972448507,187,4.546296296296297,1.5143129006703009,44.56692913385827,3.7969920847386374,0.08368129527055816,-2.480739799930658
0073_02C-M,73,20211206,E335,Iluma,Broiler,M,C,42.0,MediumLowCa+MediumAlphaD3,4.0,5.2567649939592105,140,2.968013468013468,1.0878928630352254,14.794050343249427,2.6942250961103675,0.13915857605177995,-1.972141161204183
0073_03C-M,73,20211206,E335,Iluma,Broiler,M,C,42.0,MediumLowCa+MediumAlphaD3,4.0,5.967591642036158,143,10.108695652173912,2.3133960090982613,14.094637223974763,2.6457943863118105,0.1042016806722689,-2.2614270205005385
0073_04C-M,73,20211206,E335,Iluma,Broiler,M,C,42.0,MediumLowCa+MediumAlphaD3,4.0,4.911329272260796,113,24.0,3.1780538303479458,6.9830246913580245,1.9434821597817518,0.104682742161139,-2.2568210060085443
0073_05C-M,73,20211206,E335,Iluma,Broiler,M,C,42.0,MediumLowCa+MediumAlphaD3,4.0,2.452240849992898,78,18.137931034482754,2.8980053827512355,44.98712446351931,3.806376325796411,0.05056719861565083,-2.984452161595308
0073_06C-M,73,20211206,E335,Iluma,Broiler,M,C,42.0,MediumLowCa+MediumAlphaD3,4.0,5.519704831854124,142,2475.643752116491,7.814255743047414,21.364628820960707,3.061736695715992,0.327191011235955,-1.1172111464036547
0074_01C-M,74,20211206,E335,Iluma,Broiler,M,C,42.0,MediumHighCa,5.0,5.213221666935341,146,54.22222222222223,3.993090828516928,15.45732349841939,2.738082903877835,0.32557751647068633,-1.1221546998464502
0074_02C-M,74,20211206,E335,Iluma,Broiler,M,C,42.0,MediumHighCa,5.0,5.603117615154501,56,148.63824748371817,5.001515484655052,0.2096866096866097,-1.562141197731035,0.015024038461538464,-4.198103796512953
0074_03C-M,74,20211206,E335,Iluma,Broiler,M,C,42.0,MediumHighCa,5.0,5.703305506590824,153,2.730232558139535,1.0043867917004337,31.534285714285716,3.4510753892894246,0.05182765318735652,-2.959831426845654
0074_04C-M,74,20211206,E335,Iluma,Broiler,M,C,42.0,MediumHighCa,5.0,5.57884948423775,138,121.70588235294117,4.801607333689327,9.16132596685083,2.2149909244162926,0.2776435856146001,-1.281417053975936
0074_05C-M,74,20211206,E335,Iluma,Broiler,M,C,42.0,MediumHighCa,5.0,5.539730719087487,105,27.948717948717952,3.330371329093543,22.75438596491228,3.1247579164818937,0.222767218475373,-1.501627916065934
0074_06C-M,74,20211206,E335,Iluma,Broiler,M,C,42.0,MediumHighCa,5.0,5.525109351434103,147,1628.2616969411024,7.395268281150809,14.801801801801803,2.694748916724934,0.19352416705771935,-1.6423528799558125
0075_01C-M,75,20211206,E335,Iluma,Broiler,M,C,42.0,MediumHighCa+MediumAlphaD3,6.0,6.483802068175356,211,2.4493506493506496,0.8958229483456733,12.053293856402664,2.4893379716626707,0.05190159062138808,-2.958405841468983
0075_02C-M,75,20211206,E335,Iluma,Broiler,M,C,42.0,MediumHighCa+MediumAlphaD3,6.0,5.516854970614791,128,5.776595744680851,1.7538145376639316,4.2953144266337855,1.4575247603547608,0.06462746965008331,-2.739115731795392
0075_03C-M,75,20211206,E335,Iluma,Broiler,M,C,42.0,MediumHighCa+MediumAlphaD3,6.0,3.863959882338482,49,282.75000000000006,5.64456311499623,8.328149300155522,2.1196412586442297,1.0369804400978,0.03631306706159294
0075_04C-M,75,20211206,E335,Iluma,Broiler,M,C,42.0,MediumHighCa+MediumAlphaD3,6.0,4.8559411678410624,108,44.656,3.7989886767939662,12.287878787878787,2.5086133120889875,0.7246527327015446,-0.3220627282566986
0075_05C-M,75,20211206,E335,Iluma,Broiler,M,C,42.0,MediumHighCa+MediumAlphaD3,6.0,4.792558849404003,109,9.909967845659164,2.293541103700827,19.09540636042403,2.9494478014368517,0.2699010421227778,-1.309699897821587
0075_06C-M,75,20211206,E335,Iluma,Broiler,M,C,42.0,MediumHighCa+MediumAlphaD3,6.0,6.24603429670842,169,103.7857142857143,4.6423283339550245,21.385882352941177,3.0627310011943534,0.1403593508500773,-1.9635493531703987
0076_01C-M,76,20211206,E335,Iluma,Broiler,M,C,42.0,HighCa,7.0,4.519918520009729,94,25.494897959183675,3.2384783521136877,6.494505494505494,1.870956510889248,1.0313725490196077,0.030890487019338296
0076_02C-M,76,20211206,E335,Iluma,Broiler,M,C,42.0,HighCa,7.0,6.129926185846344,170,9.178571428571429,2.216871574720016,12.171156893819333,2.4990689636005046,0.05443185428359632,-2.910805739807904
0076_03C-M,76,20211206,E335,Iluma,Broiler,M,C,42.0,HighCa,7.0,5.866349307877825,172,38.2,3.6428355156125294,9.729651162790697,2.2751780438379283,0.06015748031496064,-2.810789483280162
0076_04C-M,76,20211206,E335,Iluma,Broiler,M,C,42.0,HighCa,7.0,5.678421679770476,157,19.296875,2.9599431657024056,28.57863501483679,3.3526594112085024,0.10571819893853793,-2.246978225538177
0076_05C-M,76,20211206,E335,Iluma,Broiler,M,C,42.0,HighCa,7.0,6.442215639028225,178,10.203124999999998,2.322694045916759,33.69816272965879,3.5174433174643824,0.04351882705764745,-3.1345616285980364
0076_06C-M,76,20211206,E335,Iluma,Broiler,M,C,42.0,HighCa,7.0,5.879820199529985,155,1002.2969046114973,6.910049549740606,6.4503729202524385,1.8641379462297387,0.11087719298245617,-2.199332059675784
0077_01C-M,77,20211206,E335,Iluma,Broiler,M,C,42.0,HighCa+MediumAlphaD3,8.0,5.645845424164548,145,19.5,2.970414465569701,9.253584905660377,2.2250110338120646,0.15103823335530656,-1.8902222731886629
0077_02C-M,77,20211206,E335,Iluma,Broiler,M,C,42.0,HighCa+MediumAlphaD3,8.0,5.324712747951608,118,41.480519480519476,3.725223906921274,6.4700374531835205,1.8671818972415755,0.35767077267637165,-1.0281423450955873
0077_03C-M,77,20211206,E335,Iluma,Broiler,M,C,42.0,HighCa+MediumAlphaD3,8.0,5.875124158991494,157,15.232142857142858,2.72340785675653,35.050420168067234,3.556787601085416,0.06405827575848605,-2.747962051203236
0077_04C-M,77,20211206,E335,Iluma,Broiler,M,C,42.0,HighCa+MediumAlphaD3,8.0,4.614500738333629,106,24.594936708860757,3.2025405969104184,1.8611825192802054,0.62121204876727,0.14203216374269004,-1.9517017417991016
0077_05C-M,77,20211206,E335,Iluma,Broiler,M,C,42.0,HighCa+MediumAlphaD3,8.0,6.537543946110774,210,410.39999999999986,6.01713229385656,18.05762711864407,2.8935681505771793,0.12138420585625552,-2.1087945088513265
0077_06C-M,77,20211206,E335,Iluma,Broiler,M,C,42.0,HighCa+MediumAlphaD3,8.0,4.297986792320296,83,148.43478260869566,5.000145687425237,6.960539979231568,1.940257054559832,0.7365695792880258,-0.30575157464556973
0081_01C-M,81,20211206,E335,Iluma,Broiler,M,C,42.0,LowCa+LowAlphaD3,9.0,4.994972936886182,93,50.30769230769231,3.918157993995662,2.205207928488146,0.7908218030870524,0.08077065579844388,-2.5161415502289155
0081_02C-M,81,20211206,E335,Iluma,Broiler,M,C,42.0,LowCa+LowAlphaD3,9.0,4.904051606314614,103,0.40579710144927544,-0.9019019944220552,18.81869688385269,2.9348508907319446,0.015750246097595278,-4.150899288588423
0081_03C-M,81,20211206,E335,Iluma,Broiler,M,C,42.0,LowCa+LowAlphaD3,9.0,4.002250174504612,85,4.329243353783231,1.4653927816599932,4.938815789473685,1.5971255837326803,0.8374208860759493,-0.17742848413188292
0081_04C-M,81,20211206,E335,Iluma,Broiler,M,C,42.0,LowCa+LowAlphaD3,9.0,5.966122205383424,139,3.756302521008404,1.3234351015020396,5.8455772113943025,1.7656853430669734,0.04798711755233495,-3.0368226884221197
0081_05C-M,81,20211206,E335,Iluma,Broiler,M,C,42.0,LowCa+LowAlphaD3,9.0,6.015074846675102,159,0.9816176470588235,-0.018553407895747834,27.222222222222214,3.3040336332085074,0.027057154438589377,-3.609803819248998
0081_06C-M,81,20211206,E335,Iluma,Broiler,M,C,42.0,LowCa+LowAlphaD3,9.0,5.35009775612717,120,2.142602495543672,0.7620212095724566,2.5635609204073937,0.9413972765027973,0.14014224087676347,-1.9650973658952684
0082_01C-M,82,20211206,E335,Iluma,Broiler,M,C,42.0,LowCa+HighAlphaD3,10.0,6.084852079278966,173,10.698275862068964,2.3700825940982426,20.46875,3.0188993328355256,0.11078378860917693,-2.2001748275651707
0082_02C-M,82,20211206,E335,Iluma,Broiler,M,C,42.0,LowCa+HighAlphaD3,10.0,6.371494781912809,174,21.666666666666668,3.0757749812275277,7.8950729927007295,2.066238893098778,0.07469118069520252,-2.5943932567959114
0082_03C-M,82,20211206,E335,Iluma,Broiler,M,C,42.0,LowCa+HighAlphaD3,10.0,6.037927098343601,135,3.4333333333333336,1.2335316065674804,58.46376811594203,4.068407213916898,0.024661798156351014,-3.7024998659663253
0082_04C-M,82,20211206,E335,Iluma,Broiler,M,C,42.0,LowCa+HighAlphaD3,10.0,4.755254342644568,85,7.875000000000001,2.063693184711697,16.77659574468085,2.8199848046930343,0.03811252268602542,-3.2672123714294914
0082_05C-M,82,20211206,E335,Iluma,Broiler,M,C,42.0,LowCa+HighAlphaD3,10.0,5.456914719396093,106,481.99234393404,6.177928229970175,16.970588235294116,2.8314817418919382,0.05041756882152798,-2.987415576918671
0082_06C-M,82,20211206,E335,Iluma,Broiler,M,C,42.0,LowCa+HighAlphaD3,10.0,4.264838121852747,72,179.33333333333337,5.189246271493675,32.60431654676259,3.4844446890172054,0.10816244471250505,-2.224121064201565
0083_01C-M,83,20211206,E335,Iluma,Broiler,M,C,42.0,LowCa+MK7,11.0,5.613162434332861,140,0.5887207702888584,-0.5298032819517224,4.474241354975301,1.4983368077405914,0.04600666451682254,-3.0789690121867617
0083_02C-M,83,20211206,E335,Iluma,Broiler,M,C,42.0,LowCa+MK7,11.0,5.500757510555719,96,1.2316831683168319,0.20838166346381978,6.013123359580053,1.7939443073267947,0.12044926413632843,-2.1165266592273535
0083_03C-M,83,20211206,E335,Iluma,Broiler,M,C,42.0,LowCa+MK7,11.0,6.267779685725239,168,1.1535433070866143,0.14283834199853088,13.618403247631935,2.61142205799202,0.054802207051342,-2.904024811179644
0083_04C-M,83,20211206,E335,Iluma,Broiler,M,C,42.0,LowCa+MK7,11.0,4.979914621780674,115,0.7769784172661871,-0.252342706006472,24.312796208530802,3.1910028046887486,0.009716599190283401,-4.633919599274077
0083_05C-M,83,20211206,E335,Iluma,Broiler,M,C,42.0,LowCa+MK7,11.0,4.949297183316576,133,13.716981132075473,2.6186345639813977,4.614048338368581,1.5291056361528135,0.06329995646495429,-2.759870637589679
0083_06C-M,83,20211206,E335,Iluma,Broiler,M,C,42.0,LowCa+MK7,11.0,4.744115199339743,145,3.9227799227799225,1.3668005664388894,10.296573875802997,2.331811206483639,0.06898893189380051,-2.6738091945877347
0084_01C-M,84,20211206,E335,Iluma,Broiler,M,C,42.0,LowCa+MediumAlphaD3+MK7,12.0,5.160605972102217,126,14.07142857142857,2.6441463991227296,25.42131979695431,3.2355881840419456,0.15159676798768756,-1.8865311253435566
0084_02C-M,84,20211206,E335,Iluma,Broiler,M,C,42.0,LowCa+MediumAlphaD3+MK7,12.0,5.212208301701488,121,6.222929936305731,1.8282408466944744,1.8868970013037811,0.6349336815918579,0.09082457934368318,-2.398825332389223
0084_03C-M,84,20211206,E335,Iluma,Broiler,M,C,42.0,LowCa+MediumAlphaD3+MK7,12.0,5.78422857717729,146,3.6600000000000006,1.297463147413275,15.694915254237285,2.75333679074046,0.03047968021319121,-3.4906950399119316
0084_04C-M,84,20211206,E335,Iluma,Broiler,M,C,42.0,LowCa+MediumAlphaD3+MK7,12.0,5.478075493515198,116,16.916666666666668,2.8282993292537872,4.843207354443309,1.5775771777932717,0.0924155513065647,-2.381460010312458
0084_05C-M,84,20211206,E335,Iluma,Broiler,M,C,42.0,LowCa+MediumAlphaD3+MK7,12.0,6.293589398939855,179,41.3125,3.721165117611905,22.33884297520661,3.1063270006797064,0.12400337679392179,-2.0874464815388434
0084_06C-M,84,20211206,E335,Iluma,Broiler,M,C,42.0,LowCa+MediumAlphaD3+MK7,12.0,4.799950478727428,103,137.0,4.919980925828125,61.214723926380366,4.11438774761422,0.10541502356448976,-2.2498501144700094
0085_01C-M,85,20211206,E335,Iluma,Broiler,M,C,42.0,MediumLowCa+LowAlphaD3,13.0,5.63787354309687,133,66.08333333333334,4.190916571846848,97.1574074074074,4.576332420033691,0.17138534687702617,-1.7638407672721514
0085_02C-M,85,20211206,E335,Iluma,Broiler,M,C,42.0,MediumLowCa+LowAlphaD3,13.0,5.477892221019038,125,6.2361111111111125,1.8303567687261992,15.045454545454547,2.7110759220187473,0.35229501765398197,-1.0432863360739157
0085_03C-M,85,20211206,E335,Iluma,Broiler,M,C,42.0,MediumLowCa+LowAlphaD3,13.0,5.8489864479052365,143,0.7318181818181818,-0.31222318136789856,16.142476697736353,2.781454101982449,0.011819116135662899,-4.438037046816801
0085_04C-M,85,20211206,E335,Iluma,Broiler,M,C,42.0,MediumLowCa+LowAlphaD3,13.0,5.292560709300827,132,4.9673202614379095,1.6028805118879415,17.632022471910112,2.8697167074655012,0.12388947754503221,-2.0883654209508604
0085_05C-M,85,20211206,E335,Iluma,Broiler,M,C,42.0,MediumLowCa+LowAlphaD3,13.0,5.515802633420733,130,33.55555555555556,3.51320244003865,13.506024096385545,2.603135815275562,0.18403412553321144,-1.6926340737152215
0085_06C-M,85,20211206,E335,Iluma,Broiler,M,C,42.0,MediumLowCa+LowAlphaD3,13.0,5.338664659564199,134,123.50000000000001,4.816241156068032,4.2614822546972855,1.4496170468737595,0.22764976958525346,-1.4799469293465828
0086_01C-M,86,20211206,E335,Iluma,Broiler,M,C,42.0,MediumLowCa+HighAlphaD3,14.0,6.069703857046045,186,2.1013071895424833,0.7425596222852384,11.230050323508268,2.4185932499075657,0.03609115401885945,-3.3217074846995844
0086_02C-M,86,20211206,E335,Iluma,Broiler,M,C,42.0,MediumLowCa+HighAlphaD3,14.0,5.806113873206645,160,9.885350318471337,2.291053895394856,10.330559757942513,2.335106469266793,0.1095890410958904,-2.211017899468555
0086_03C-M,86,20211206,E335,Iluma,Broiler,M,C,42.0,MediumLowCa+HighAlphaD3,14.0,5.923783662482561,172,4.151360544217687,1.4234361224943333,6.511850501367365,1.8736236710299825,0.16366074421723095,-1.809959626555889
0086_04C-M,86,20211206,E335,Iluma,Broiler,M,C,42.0,MediumLowCa+HighAlphaD3,14.0,6.2888471207040055,166,49.66666666666667,3.9053340172773496,5.32235939643347,1.6719167006086608,0.04166084160492101,-3.1781936416029795
0086_05C-M,86,20211206,E335,Iluma,Broiler,M,C,42.0,MediumLowCa+HighAlphaD3,14.0,5.414269082358937,147,24.92307692307693,3.2157941583307927,11.60045317220544,2.4510441639186746,0.018621759871256974,-3.9834244964943863
0086_06C-M,86,20211206,E335,Iluma,Broiler,M,C,42.0,MediumLowCa+HighAlphaD3,14.0,5.067350339029421,127,3.346590909090909,1.207942188613435,29.384223918575064,3.3804579289135646,0.047503830954109205,-3.046944919528255
0105_01C-M,105.0,20211214,E345,Iluma,Broiler,M,C,42.0,Diet1,1.0,5.878718152335751,241,24.240506329113924,3.1880250491477247,11.698630136986301,2.459471752640179,0.1220405952267151,-2.103401541837179
0105_02C-M,105.0,20211214,E345,Iluma,Broiler,M,C,42.0,Diet1,1.0,4.540121950518938,107,100.80303030303031,4.613168417715462,7.6434108527131785,2.0338439502409633,0.492595883311121,-0.7080661503928998
0105_03C-M,105.0,20211214,E345,Iluma,Broiler,M,C,42.0,Diet1,1.0,4.925236594087248,143,0.12432523616734141,-2.0848542747865864,1.8599470973131005,0.6205480450158352,0.03597227645450995,-3.325006735690025
0105_04C-M,105.0,20211214,E345,Iluma,Broiler,M,C,42.0,Diet1,1.0,5.661992592546551,145,3.296610169491526,1.1928947191527817,24.80607476635514,3.2110885734317764,0.06921708185053381,-2.6705075992692904
0105_05C-M,105.0,20211214,E345,Iluma,Broiler,M,C,42.0,Diet1,1.0,5.171141435104258,140,1.4251101321585904,0.35424909645955266,13.204961606615473,2.5805926382564532,0.0255498953520515,-3.667122058150929
0105_06C-M,105.0,20211214,E345,Iluma,Broiler,M,C,42.0,Diet1,1.0,5.657520943484116,167,4.562231759656652,1.5178119247762474,28.375626043405674,3.345530538761902,0.05572447053889704,-2.887335901076167
0106_01C-M,106.0,20211214,E345,Iluma,Broiler,M,C,42.0,Diet2,2.0,4.200171608001,62,0.9120715350223546,-0.0920368544593558,4.76369168356998,1.5610229314243598,0.11703958691910499,-2.1452430516758048
0106_02C-M,106.0,20211214,E345,Iluma,Broiler,M,C,42.0,Diet2,2.0,3.95422812532136,74,13.5071283095723,2.60321756902061,6.2293923692887425,1.829278795023244,0.7551810521521293,-0.280797754306532
0106_03C-M,106.0,20211214,E345,Iluma,Broiler,M,C,42.0,Diet2,2.0,5.129090395045785,133,54.229729729729726,3.993229277062747,47.913978494623656,3.869407288453864,0.17721351291675863,-1.7303999857233978
0106_04C-M,106.0,20211214,E345,Iluma,Broiler,M,C,42.0,Diet2,2.0,5.484565990683364,165,1.8846153846153848,0.6337237600891447,4.7561872909699,1.5594463579879643,0.1920475377710348,-1.6500123450428614
0106_05C-M,106.0,20211214,E345,Iluma,Broiler,M,C,42.0,Diet2,2.0,5.635611588801655,186,0.556998556998557,-0.5851926297250722,12.973456121343446,2.562905433251111,0.02823598259024908,-3.567158136029032
0106_06C-M,106.0,20211214,E345,Iluma,Broiler,M,C,42.0,Diet2,2.0,4.964715535781092,121,5.977099236641221,1.7879353727896514,11.598108747044916,2.4508420457721565,0.07405655916012484,-2.6029261647417234
0107_01C-M,107.0,20211214,E345,Iluma,Broiler,M,C,42.0,Diet3,3.0,5.5182409518313245,178,2.454954954954955,0.8981084127909646,12.628930817610062,2.535990278591388,0.09252578413479905,-2.380267925903364
0107_02C-M,107.0,20211214,E345,Iluma,Broiler,M,C,42.0,Diet3,3.0,5.193396602078463,141,4.761904761904761,1.5606477482646681,4.278093434343434,1.4535074510816994,0.17508417508417506,-1.7424884202212725
0107_03C-M,107.0,20211214,E345,Iluma,Broiler,M,C,42.0,Diet3,3.0,6.265689194915791,190,17.193548387096772,2.844534219680698,15.841269841269842,2.762618549919931,0.023058619943759462,-3.769715612256481
0107_04C-M,107.0,20211214,E345,Iluma,Broiler,M,C,42.0,Diet3,3.0,5.831065685246021,183,1.4838042729152308,0.3946092444801751,3.449537595496583,1.2382401917695607,0.10108455796046764,-2.291797904874237
0107_05C-M,107.0,20211214,E345,Iluma,Broiler,M,C,42.0,Diet3,3.0,6.247749182826279,217,5.698989898989898,1.7402889484333057,15.68181818181818,2.7525019636730437,0.09948862634456004,-2.3077119494461322
0107_06C-M,107.0,20211214,E345,Iluma,Broiler,M,C,42.0,Diet3,3.0,5.084776276653478,158,2.15702479338843,0.7687298617259524,58.258785942492004,4.064894912702627,0.01194672037350666,-4.4272984840033995
0108_01C-M,108.0,20211214,E345,Iluma,Broiler,M,C,42.0,Diet4,4.0,4.540499482802716,133,6.722433460076045,1.9054502110198241,11.395082904516867,2.4331819381882385,0.0877811429422571,-2.4329085742752925
0108_02C-M,108.0,20211214,E345,Iluma,Broiler,M,C,42.0,Diet4,4.0,5.42449579733852,151,6.908366533864542,1.9327332182087034,17.914823914823913,2.8856285217844664,0.26218436570737363,-1.3387073367858735
0108_03C-M,108.0,20211214,E345,Iluma,Broiler,M,C,42.0,Diet4,4.0,5.183774918008453,167,4.73134328358209,1.5542091544863146,44.984873949579836,3.8063262988106903,0.058274201257399176,-2.842595800590987
0108_04C-M,108.0,20211214,E345,Iluma,Broiler,M,C,42.0,Diet4,4.0,5.866883178038727,184,0.75,-0.2876820724517809,42.46470588235294,3.748673281088899,0.005210760432111841,-5.257029477607969
0108_05C-M,108.0,20211214,E345,Iluma,Broiler,M,C,42.0,Diet4,4.0,5.406430542994047,152,18.358695652173914,2.9101033397587597,41.43793911007026,3.7241968648147066,0.20345720652894053,-1.592299583540041
0108_06C-M,108.0,20211214,E345,Iluma,Broiler,M,C,42.0,Diet4,4.0,5.993248659787537,194,8.964601769911505,2.193283685536343,16.51875442321302,2.8044963671396594,0.035814035707972425,-3.329415403528573
0109_01C-M,109.0,20211214,E345,Iluma,Broiler,M,C,42.0,Diet5,5.0,4.506130529415436,120,7.905405405405405,2.0675467540276866,29.642261353104725,3.3892010914820467,0.18798200514138813,-1.671409038066426
0109_02C-M,109.0,20211214,E345,Iluma,Broiler,M,C,42.0,Diet5,5.0,5.214418396847238,132,10.47979797979798,2.349449401970263,31.792843691148775,3.4592412233017265,0.1200532284193474,-2.119820064387025
0109_03C-M,109.0,20211214,E345,Iluma,Broiler,M,C,42.0,Diet5,5.0,5.525801035076894,154,1.6806953339432755,0.5192075970385872,4.772196578875916,1.5628066976193808,0.07980364047091534,-2.528186155630649
0109_04C-M,109.0,20211214,E345,Iluma,Broiler,M,C,42.0,Diet5,5.0,4.968687599372792,145,0.2766338406445837,-1.2850605221714553,1.4458453906572963,0.36869419592960895,0.02787500451051853,-3.5800248873895435
0109_05C-M,109.0,20211214,E345,Iluma,Broiler,M,C,42.0,Diet5,5.0,6.2066270860882415,191,8.153333333333334,2.098426841590917,17.223333333333336,2.846265053630984,0.06838897276743276,-2.682543684200864
0109_06C-M,109.0,20211214,E345,Iluma,Broiler,M,C,42.0,Diet5,5.0,5.242884072354875,191,2.0606060606060606,0.7230001437096264,351.37681159420293,5.861859184942193,0.0026759011490634353,-5.923469077210317
0110_01C-M,110.0,20211214,E345,Iluma,Broiler,M,C,42.0,Diet6,6.0,4.638691211405559,142,2.134878819810327,0.7584098861987009,9.497404844290658,2.2510185870024095,0.08208410987764363,-2.5000108272045
0110_02C-M,110.0,20211214,E345,Iluma,Broiler,M,C,42.0,Diet6,6.0,5.811669242774701,201,1.463306152705708,0.3806983637856711,2.878661632599922,1.057325475233474,0.06474678562057204,-2.737271222560269
0110_03C-M,110.0,20211214,E345,Iluma,Broiler,M,C,42.0,Diet6,6.0,4.527953363393855,161,0.37762237762237766,-0.9738605836956328,49.4179104477612,3.9003129181562803,0.0028807682048546277,-5.849698282605738
0110_04C-M,110.0,20211214,E345,Iluma,Broiler,M,C,42.0,Diet6,6.0,5.923095904897759,170,2.047169811320755,0.7164582594283925,29.975165562913904,3.4003692242649266,0.04435813573180704,-3.1154591432666034
0110_05C-M,110.0,20211214,E345,Iluma,Broiler,M,C,42.0,Diet6,6.0,5.791638063930958,94,74.80074487895718,4.314827843205677,3.658015267175572,1.296920723600088,0.007504690431519701,-4.8922270630459535
0110_06C-M,110.0,20211214,E345,Iluma,Broiler,M,C,42.0,Diet6,6.0,4.811775255481018,132,12.738095238095239,2.5445971286126383,21.844285714285714,3.0839393639647468,0.06797103290560284,-2.6886736512464435
0111_01C-M,111.0,20211214,E345,Iluma,Broiler,M,C,42.0,Diet7,7.0,5.090330137754059,151,12.818851251840943,2.5509168415370276,6.680313418217435,1.899164905342723,0.25048923679060664,-1.3843393262840873
0111_02C-M,111.0,20211214,E345,Iluma,Broiler,M,C,42.0,Diet7,7.0,5.723253832700497,194,9.790697674418606,2.281432717988819,7.44191616766467,2.007128365102137,0.12541893200268117,-2.076095689270436
0111_03C-M,111.0,20211214,E345,Iluma,Broiler,M,C,42.0,Diet7,7.0,5.465521546645872,176,1.4089666484417716,0.3428565622614994,6.994925467808438,1.9451849529939795,0.10838204988013628,-2.2220927952000373
0111_04C-M,111.0,20211214,E345,Iluma,Broiler,M,C,42.0,Diet7,7.0,5.829817697061447,218,6.540123456790124,1.8779560424759698,6.387011400651464,1.854266459555386,0.19694528781213205,-1.6248293156593592
0111_05C-M,111.0,20211214,E345,Iluma,Broiler,M,C,42.0,Diet7,7.0,5.575723669112687,174,1.8026061776061775,0.5892334941875439,4.883702737940026,1.5859036899284973,0.1763872491145218,-1.7350734219533377
0111_06C-M,111.0,20211214,E345,Iluma,Broiler,M,C,42.0,Diet7,7.0,4.585364533142081,115,10.242138364779874,2.3265104224960567,13.367123287671232,2.5927982062333457,0.30032272936837257,-1.202897617984741
0112_01C-M,112.0,20211214,E345,Iluma,Broiler,M,C,42.0,Diet8,8.0,3.5438416846927714,133,11.531914893617023,2.4451183997295876,87.30069930069929,4.469358473130763,0.021624640919246735,-3.8339218311923813
0112_02C-M,112.0,20211214,E345,Iluma,Broiler,M,C,42.0,Diet8,8.0,4.819138567317395,121,2.8360483447188654,1.0424116553224934,3.571716357775988,1.273046252743756,0.3084705075445816,-1.176129039737961
0112_03C-M,112.0,20211214,E345,Iluma,Broiler,M,C,42.0,Diet8,8.0,5.411345800255496,199,4.107936507936508,1.412920836235213,34.758293838862556,3.5484182151552046,0.03967864589721575,-3.2269421227219555
0112_04C-M,112.0,20211214,E345,Iluma,Broiler,M,C,42.0,Diet8,8.0,4.817303142576091,120,0.8973151201130476,-0.10834817414245473,6.12970890410959,1.8131472617258888,0.12398307842499186,-2.0876101870037838
0112_05C-M,112.0,20211214,E345,Iluma,Broiler,M,C,42.0,Diet8,8.0,5.290643378562556,150,66.81012658227849,4.201854664596248,7.75383877159309,2.04818804609899,0.37713469096105756,-0.9751528848862844
0112_06C-M,112.0,20211214,E345,Iluma,Broiler,M,C,42.0,Diet8,8.0,6.36362575283769,215,0.4312638580931264,-0.8410351764441774,24.002830188679244,3.178171747923697,0.013813920454545452,-4.282078466653533
0113_01C-M,113.0,20211214,E345,Iluma,Broiler,M,C,42.0,Diet9,9.0,5.653941318877601,188,3.3229813664596266,1.2008623819115434,10.085203499429442,2.3110693496289136,0.07470762785826496,-2.594173078826781
0113_02C-M,113.0,20211214,E345,Iluma,Broiler,M,C,42.0,Diet9,9.0,4.723247370272091,125,10.502692998204667,2.351631700298618,8.544403573305306,2.145276515805652,0.44267877412031775,-0.8149108868124876
0113_03C-M,113.0,20211214,E345,Iluma,Broiler,M,C,42.0,Diet9,9.0,6.29066976581768,253,1.3428571428571427,0.2947995402206448,14.595863166268892,2.680738143788472,0.019659788064696038,-3.9291799443468554
0113_04C-M,113.0,20211214,E345,Iluma,Broiler,M,C,42.0,Diet9,9.0,5.473732543386122,147,0.8322119428090833,-0.1836681316481614,4.246349798073936,1.4460597428538449,0.12837311883757135,-2.0528142644916367
0113_05C-M,113.0,20211214,E345,Iluma,Broiler,M,C,42.0,Diet9,9.0,6.307520873771233,194,0.5447897623400366,-0.6073553159165767,21.476190476190474,3.066944901779255,0.013232682060390768,-4.325065595748222
0113_06C-M,113.0,20211214,E345,Iluma,Broiler,M,C,42.0,Diet9,9.0,5.429294175614053,165,0.9046822742474916,-0.10017147510415027,15.691244239631336,2.7531028650431533,0.023430056301429192,-3.7537356235020596
0114_01C-M,114.0,20211214,E345,Iluma,Broiler,M,C,42.0,Diet10,10.0,5.040481165989903,136,7.629213483146068,2.031984757826556,12.97608370702541,2.5631079482635792,0.045900087879402425,-3.0812882473335397
0114_02C-M,114.0,20211214,E345,Iluma,Broiler,M,C,42.0,Diet10,10.0,4.524477161780727,105,13.830985915492956,2.6269114313131503,10.735527809307605,2.3735585972676416,0.5176594623089088,-0.6584376615805483
0114_03C-M,114.0,20211214,E345,Iluma,Broiler,M,C,42.0,Diet10,10.0,5.366727178286662,142,3.9783037475345173,1.3808555343630287,4.042723263506064,1.3969185400117279,0.11410952704231729,-2.170596528296419
0114_04C-M,114.0,20211214,E345,Iluma,Broiler,M,C,42.0,Diet10,10.0,4.127890181285295,120,1.3201970443349753,0.2777810014690693,28.51304347826086,3.350361648481398,0.013097448929723391,-4.335337805928028
0114_05C-M,114.0,20211214,E345,Iluma,Broiler,M,C,42.0,Diet10,10.0,6.066483179629415,182,8.431472081218274,2.1319713808753065,11.551752921535893,2.4468371935505355,0.10525982256020279,-2.25132348478657
0114_06C-M,114.0,20211214,E345,Iluma,Broiler,M,C,42.0,Diet10,10.0,5.449155517156268,166,0.18386491557223264,-1.6935539454952726,1.915182613945065,0.6498129778485922,0.03876390605686032,-3.2502657215762847
0115_01C-M,115,20220930,E347,Iluma,Broiler,M,C,42.0,Na0.10CI0.23,1.0,5.570813963496381,101,5.04406779661017,1.6182128590532174,22.33554817275748,3.106179497720161,0.235704102645335,-1.4451780629745885
0115_02C-M,115,20220930,E347,Iluma,Broiler,M,C,42.0,Na0.10CI0.23,1.0,4.892333750408068,74,15.131578947368423,2.7167838810709646,15.943069306930695,2.7690242085857406,0.6220250973604502,-0.4747748376028749
0115_03C-M,115,20220930,E347,Iluma,Broiler,M,C,42.0,Na0.10CI0.23,1.0,4.746523506622517,103,1.1170731707317072,0.11071202441583136,16.53870458135861,2.8057033661751785,0.019434778918781294,-3.9406910901591012
0115_04C-M,115,20220930,E347,Iluma,Broiler,M,C,42.0,Na0.10CI0.23,1.0,5.758772689369431,118,1.7927461139896375,0.5837485861528388,3.4041621029572835,1.2249988308925694,0.041034155597722964,-3.1933504957234193
0115_05C-M,115,20220930,E347,Iluma,Broiler,M,C,42.0,Na0.10CI0.23,1.0,4.503650493024719,69,2.68421052631579,0.9873866535578855,111.75000000000001,4.716264233493678,0.010768581081081082,-4.5311225438395155
0115_06C-M,115,20220930,E347,Iluma,Broiler,M,C,42.0,Na0.10CI0.23,1.0,5.867710904137654,114,10.593749999999998,2.3602642045807234,34.28444444444444,3.5346917365637527,0.03957044472977705,-3.229672784583594
0116_01C-M,116,20220930,E347,Iluma,Broiler,M,C,42.0,Na0.16CI0.25,2.0,4.932760108691718,93,27.736842105263154,3.3227615693749217,108.57,4.687395126243761,0.04776146456407468,-3.0415361452910137
0116_02C-M,116,20220930,E347,Iluma,Broiler,M,C,42.0,Na0.16CI0.25,2.0,5.015759884395522,114,1.5706521739130437,0.4514909305034467,35.83687943262411,3.57897751491374,0.02577135723203139,-3.6584915885711857
0116_03C-M,116,20220930,E347,Iluma,Broiler,M,C,42.0,Na0.16CI0.25,2.0,5.938944254198257,151,34.08888888888889,3.5289714921568818,45.51063829787233,3.817946107372347,0.1646452720832886,-1.8039619855232234
0116_04C-M,116,20220930,E347,Iluma,Broiler,M,C,42.0,Na0.16CI0.25,2.0,5.136401917493941,83,4.398058252427184,1.4811631372533982,8.411989795918368,2.1296580448010074,0.12854710556186152,-2.051459861573036
0116_05C-M,116,20220930,E347,Iluma,Broiler,M,C,42.0,Na0.16CI0.25,2.0,5.502581735752772,97,4.294117647058824,1.4572460970921752,217.2058823529412,5.380845670349319,0.018473997216246995,-3.991391091496639
0116_06C-M,116,20220930,E347,Iluma,Broiler,M,C,42.0,Na0.16CI0.25,2.0,5.484976940633948,121,0.8218749999999999,-0.1961669636160078,6.150462962962963,1.8165273575157033,0.02387436456063907,-3.7349500082307263
0117_01C-M,117,20220930,E347,Iluma,Broiler,M,C,42.0,Na0.22CI0.25,3.0,5.705066002537139,108,5.271186440677966,1.6622554682735147,33.68888888888888,3.517168076431997,0.05075893585767912,-2.9806676005464205
0117_02C-M,117,20220930,E347,Iluma,Broiler,M,C,42.0,Na0.22CI0.25,3.0,5.488746753208885,115,0.6279069767441862,-0.46536324968923315,3.6471127406049497,1.293935824593858,0.026242710358233827,-3.640367029149178
0117_03C-M,117,20220930,E347,Iluma,Broiler,M,C,42.0,Na0.22CI0.25,3.0,5.293708493617037,68,2.586956521739131,0.9504820966224345,123.91304347826087,4.819580057333547,0.02026221692491061,-3.89899736241099
0117_04C-M,117,20220930,E347,Iluma,Broiler,M,C,42.0,Na0.22CI0.25,3.0,3.6050015406058464,54,7.929268292682927,2.070560760605552,11.550106609808104,2.4466946672116197,0.661444557477111,-0.41332911227736147
0117_05C-M,117,20220930,E347,Iluma,Broiler,M,C,42.0,Na0.22CI0.25,3.0,4.984975612841135,85,0.214,-1.5417792639602856,2.8660714285714293,1.0529422518349216,0.020873975809598128,-3.8692520724621104
0117_06C-M,117,20220930,E347,Iluma,Broiler,M,C,42.0,Na0.22CI0.25,3.0,5.11958890305396,89,11.872549019607845,2.474228930268821,10.476725521669344,2.3491561798477645,0.1439267886855241,-1.938450520597374
0118_01C-M,118,20220930,E347,Iluma,Broiler,M,C,42.0,Na0.28CI0.25,4.0,5.608573879118373,127,3.3424657534246576,1.2067087841448108,100.28125000000001,4.6079787383101305,0.024475875213160792,-3.7100673317295025
0118_02C-M,118,20220930,E347,Iluma,Broiler,M,C,42.0,Na0.28CI0.25,4.0,4.432457614940675,106,4.454545454545455,1.4939250253122562,142.63636363636363,4.960298479934662,0.030539108756622,-3.488747162439285
0118_03C-M,118,20220930,E347,Iluma,Broiler,M,C,42.0,Na0.28CI0.25,4.0,5.371856925867424,88,1.9620253164556962,0.6739772644522252,44.172690763052216,3.7881067420924093,0.03731343283582089,-3.288401887516811
0118_04C-M,118,20220930,E347,Iluma,Broiler,M,C,42.0,Na0.28CI0.25,4.0,5.278205539969186,89,1.0675675675675673,0.0653827592628515,11.568376068376068,2.4482751742565996,0.03864340453285504,-3.2533791644908527
0118_05C-M,118,20220930,E347,Iluma,Broiler,M,C,42.0,Na0.28CI0.25,4.0,5.336214271548924,90,0.4801223241590214,-0.7337143655489453,6.229921259842521,1.8293636938499114,0.03322048243757934,-3.4045886523985454
0118_06C-M,118,20220930,E347,Iluma,Broiler,M,C,42.0,Na0.28CI0.25,4.0,6.300172289343063,154,0.48400000000000004,-0.7256703722655052,9.927586206896553,2.2953173676316565,0.03362667901806392,-3.392435508684057
0119_01C-M,119,20220930,E347,Iluma,Broiler,M,C,42.0,Na0.34CI0.25,5.0,5.5094054985492855,92,0.8044554455445545,-0.21758969563141253,3.0027675276752768,1.0995343726430782,0.07017922694882316,-2.6567029241510145
0119_02C-M,119,20220930,E347,Iluma,Broiler,M,C,42.0,Na0.34CI0.25,5.0,4.666149607939305,48,3.7051282051282057,1.3097178614228406,3.546827794561933,1.2660536250109786,0.2962077212162625,-1.2166943099113436
0119_03C-M,119,20220930,E347,Iluma,Broiler,M,C,42.0,Na0.34CI0.25,5.0,5.940751366451374,106,13.166666666666664,2.577688383238966,214.75000000000003,5.369474560864365,0.04068669527896995,-3.20185413729877
0119_04C-M,119,20220930,E347,Iluma,Broiler,M,C,42.0,Na0.34CI0.25,5.0,3.624776424178837,46,13.92,2.6333266549062735,41.039603960396036,3.714537550728136,0.08299546863820653,-2.488969267396288
0119_05C-M,119,20220930,E347,Iluma,Broiler,M,C,42.0,Na0.34CI0.25,5.0,4.709208142599032,89,0.21347150259067357,-1.5442519325494048,3.1717836257309946,1.1542940876158552,0.02883135059482155,-3.5462919215743867
0119_06C-M,119,20220930,E347,Iluma,Broiler,M,C,42.0,Na0.34CI0.25,5.0,5.308996647442464,85,0.2576985413290114,-1.355964821685156,9.36375,2.2368458512799556,0.01748790145182578,-4.046245982752202
0120_01C-M,120,20220930,E347,Iluma,Broiler,M,C,42.0,Na0.40CI0.25,6.0,5.806911000668596,112,0.9647887323943661,-0.035846131773135885,27.79733333333333,3.3249400928342703,0.024931756141947217,-3.691612941009597
0120_02C-M,120,20220930,E347,Iluma,Broiler,M,C,42.0,Na0.40CI0.25,6.0,6.082555794647609,133,1.1641791044776117,0.1520162072986255,43.55238095238094,3.7739643735005317,0.016429699842022118,-4.108664615996849
0120_03C-M,120,20220930,E347,Iluma,Broiler,M,C,42.0,Na0.40CI0.25,6.0,5.738513132827718,132,1.3230240549828178,0.2799200671162917,27.11428571428572,3.3000607371205146,0.027262427418212713,-3.602245809788508
0120_04C-M,120,20220930,E347,Iluma,Broiler,M,C,42.0,Na0.40CI0.25,6.0,4.239907073622302,68,21.24561403508772,3.056150475718542,24.354978354978353,3.1927362785280087,0.171724333522405,-1.7618647999646686
0120_05C-M,120,20220930,E347,Iluma,Broiler,M,C,42.0,Na0.40CI0.25,6.0,5.90522997249081,132,6.046153846153846,1.7994223419736242,11.525896414342629,2.444596365844351,0.032994710771555705,-3.4114080100116397
0120_06C-M,120,20220930,E347,Iluma,Broiler,M,C,42.0,Na0.40CI0.25,6.0,6.010116233310685,146,0.7598828696925329,-0.27459097640490143,9.132462686567164,2.211835393893809,0.044981799271970886,-3.101497331650946
0121_01C-M,121,20220930,E347,Iluma,Broiler,M,C,42.0,Na0.22CI0.42,7.0,5.025029266626487,81,17.666666666666668,2.8716796248840124,10.26418439716312,2.328660592580946,0.06455542021924483,-2.7402311959003063
0121_02C-M,121,20220930,E347,Iluma,Broiler,M,C,42.0,Na0.22CI0.42,7.0,5.223025770531686,85,1.32,0.27763173659827955,31.652694610778443,3.4548232827474794,0.03428571428571429,-3.373026504695459
0121_03C-M,121,20220930,E347,Iluma,Broiler,M,C,42.0,Na0.22CI0.42,7.0,5.473919847870648,108,2.9999999999999996,1.0986122886681096,111.05084745762714,4.709988181627186,0.022756005056890006,-3.7829262098714893
0121_04C-M,121,20220930,E347,Iluma,Broiler,M,C,42.0,Na0.22CI0.42,7.0,3.942369107607398,54,7.3999999999999995,2.001480000210124,18.613821138211385,2.923904376724733,0.02804092459264873,-3.574090243299154
0121_05C-M,121,20220930,E347,Iluma,Broiler,M,C,42.0,Na0.22CI0.42,7.0,5.28853402142436,95,11.416666666666668,2.4350742760401247,36.333333333333336,3.592735593561034,0.06132497761862131,-2.7915680538010212
0121_06C-M,121,20220930,E347,Iluma,Broiler,M,C,42.0,Na0.22CI0.42,7.0,3.040706819074438,65,0.4542372881355932,-0.7891355563889084,8.99325842696629,2.196475232977438,0.01279847182425979,-4.358429503913671
0122_01C-M,122,20220930,E347,Iluma,Broiler,M,C,42.0,Na0.28CI0.52,8.0,5.337639870064874,78,2.1772151898734173,0.7780466243464313,21.45664739884393,3.066034499408312,0.04301075268817204,-3.1463051320333655
0122_02C-M,122,20220930,E347,Iluma,Broiler,M,C,42.0,Na0.28CI0.52,8.0,5.591380990059501,103,32.18181818181819,3.471401640335404,120.98214285714288,4.795642955012752,0.05240562546262027,-2.948741337260525
0122_03C-M,122,20220930,E347,Iluma,Broiler,M,C,42.0,Na0.28CI0.52,8.0,5.775531958042471,119,26.956521739130437,3.2942252621099875,79.07272727272725,4.370368027365167,0.06850071815269032,-2.6809110497880333
0122_04C-M,122,20220930,E347,Iluma,Broiler,M,C,42.0,Na0.28CI0.52,8.0,3.21689926418967,30,6.419141914191418,1.8592844505431774,12.885196374622355,2.5560790845487165,0.34394341290893016,-1.0672781324976741
0122_05C-M,122,20220930,E347,Iluma,Broiler,M,C,42.0,Na0.28CI0.52,8.0,5.84578711960721,110,2.4122137404580153,0.8805448903857606,31.19742489270386,3.4403355559189346,0.03837745931503522,-3.2602849887429377
0122_06C-M,122,20220930,E347,Iluma,Broiler,M,C,42.0,Na0.28CI0.52,8.0,4.999308773537608,82,4.296296296296296,1.4577533251020354,21.985748218527316,3.090394435191131,0.022252062152311528,-3.805320593661741
0123_01C-M,123,20220930,E347,Iluma,Broiler,M,C,42.0,Na0.34CI0.61,9.0,5.359333838536516,104,2.3625,0.8597203803857607,34.49259259259259,3.540744593523283,0.01939854254336447,-3.9425573423656988
0123_02C-M,123,20220930,E347,Iluma,Broiler,M,C,42.0,Na0.34CI0.61,9.0,3.066361039998984,46,14.499999999999998,2.6741486494265287,22.57692307692308,3.1169282818066146,0.008031016338964275,-4.824444191290984
0123_03C-M,123,20220930,E347,Iluma,Broiler,M,C,42.0,Na0.34CI0.61,9.0,5.510324960535069,103,15.153846153846153,2.7182543712764518,26.269058295964125,3.26839175592756,0.02943813508667065,-3.5254643333687263
0123_04C-M,123,20220930,E347,Iluma,Broiler,M,C,42.0,Na0.34CI0.61,9.0,3.238960824614029,133,0.5525377229080932,-0.593233571164251,11.057717083225974,2.4031285627834142,0.037768401312705105,-3.276282470061044
0123_05C-M,123,20220930,E347,Iluma,Broiler,M,C,42.0,Na0.34CI0.61,9.0,4.976778243483572,73,0.7923627684964201,-0.23273595100564917,8.289290681502086,2.114964402338349,0.04979004199160168,-2.999940274954196
0123_06C-M,123,20220930,E347,Iluma,Broiler,M,C,42.0,Na0.34CI0.61,9.0,5.633269714241854,137,5.297872340425533,1.6673052947546492,18.45,2.915064370486536,0.04365740334882091,-3.131382404003245
0124_01C-M,124,20220930,E347,Iluma,Broiler,M,C,42.0,Na0.40CI0.71,10.0,4.696633175373069,81,29.777777777777775,3.3937624031746374,35.09448818897638,3.5580440864879646,0.05994184746141802,-2.814380395723124
0124_02C-M,124,20220930,E347,Iluma,Broiler,M,C,42.0,Na0.40CI0.71,10.0,3.851966020800217,64,14.166666666666664,2.6508917872622613,106.46666666666667,4.667831947112802,0.023409529055356648,-3.7546121149240195
0124_03C-M,124,20220930,E347,Iluma,Broiler,M,C,42.0,Na0.40CI0.71,10.0,5.335125103084034,110,1.0564853556485354,0.054947696783903696,21.904382470119522,3.0866867295934073,0.0407520981278244,-3.200247952821345
0124_04C-M,124,20220930,E347,Iluma,Broiler,M,C,42.0,Na0.40CI0.71,10.0,4.928785479275786,75,49.333333333333336,3.8985999850960056,13.229802513464993,2.582472050839715,0.13869040646597164,-1.9755111215663554
0124_05C-M,124,20220930,E347,Iluma,Broiler,M,C,42.0,Na0.40CI0.71,10.0,3.991499579517193,43,22.76811594202898,3.1253611336583615,7.989304812834225,2.078103748838176,0.6371932670857838,-0.4506822674085596
0124_06C-M,124,20220930,E347,Iluma,Broiler,M,C,42.0,Na0.40CI0.71,10.0,5.339032621727282,126,0.3974056603773585,-0.9227977054395412,10.278150633855333,2.3300203444127603,0.020157913626031823,-3.9041583319067397
C116_01C-M,C116,20220930,C1,Iluma,Broiler,M,C,42.0,Na0.16CI0.25,2.0,5.266657198918286,109,30.384615384615387,3.4139364074395853,80.29383886255924,4.38569289151543,0.09775412980263566,-2.325299832388796
C116_02C-M,C116,20220930,C1,Iluma,Broiler,M,C,42.0,Na0.16CI0.25,2.0,4.949042724528419,169,0.816276202219482,-0.2030024981784048,10.262159934047817,2.328463337474123,0.0440305952776854,-3.1228705394856213
C116_03C-M,C116,20220930,C1,Iluma,Broiler,M,C,42.0,Na0.16CI0.25,2.0,5.545527858531002,119,16.962962962962965,2.8310323181098562,36.34722222222223,3.593117783514091,0.18925619834710747,-1.664653635036547
C116_04C-M,C116,20220930,C1,Iluma,Broiler,M,C,42.0,Na0.16CI0.25,2.0,4.357431147372222,77,13.366666666666665,2.592764045644414,28.225308641975307,3.3402190450326366,0.179277970269364,-1.7188177711211363
C116_05C-M,C116,20220930,C1,Iluma,Broiler,M,C,42.0,Na0.16CI0.25,2.0,5.601581290573254,144,4.650793650793651,1.5370378826255346,99.20496894409938,4.597188103198649,0.035352316602316594,-3.342391355482197
C116_06C-M,C116,20220930,C1,Iluma,Broiler,M,C,42.0,Na0.16CI0.25,2.0,5.39834713956493,149,0.8273273273273273,-0.1895548613874747,4.091370558375634,1.4088800137686397,0.0324556753254403,-3.427879956657719
C117_01C-M,C117,20220930,C1,Iluma,Broiler,M,C,42.0,Na0.22CI0.25,3.0,5.363877552616692,116,4.764705882352941,1.5612358106162227,31.542857142857144,3.451347165347627,0.06427842648225825,-2.744531217531015
C117_02C-M,C117,20220930,C1,Iluma,Broiler,M,C,42.0,Na0.22CI0.25,3.0,5.456027922120431,129,0.7492957746478872,-0.28862148069371685,8.205043859649123,2.104749070006027,0.027970557308096743,-3.5766028467577367
C117_03C-M,C117,20220930,C1,Iluma,Broiler,M,C,42.0,Na0.22CI0.25,3.0,4.932163269498172,86,6.1098901098901095,1.8099087877337323,68.90967741935484,4.232796624170449,0.0476843910806175,-3.0431511656539008
C117_04C-M,C117,20220930,C1,Iluma,Broiler,M,C,42.0,Na0.22CI0.25,3.0,3.033361203638977,67,27.0635593220339,3.298188148535979,23.58119658119658,3.16044963941953,1.3580693174569423,0.3060640716165411
C117_05C-M,C117,20220930,C1,Iluma,Broiler,M,C,42.0,Na0.22CI0.25,3.0,5.548509021560773,118,0.3896713615023474,-0.9424515579128273,9.237442922374429,2.223265107351245,0.026664524937756007,-3.624421251035924
C117_06C-M,C117,20220930,C1,Iluma,Broiler,M,C,42.0,Na0.22CI0.25,3.0,5.293620547957476,124,2.160079051383399,0.7701448188890729,5.3936411809235425,1.685220700614526,0.09976268711208469,-2.3049610422064304
C119_01C-M,C119,20220930,C1,Iluma,Broiler,M,C,42.0,Na0.34CI0.25,5.0,5.763131296799941,122,1.6916666666666664,0.5257142362597412,5.87029702970297,1.7699052338720624,0.08388429752066115,-2.478316840108945
C119_02C-M,C119,20220930,C1,Iluma,Broiler,M,C,42.0,Na0.34CI0.25,5.0,4.077806997857534,53,10.722222222222223,2.372318431008721,6.492550394390885,1.8706554264639397,0.666897028334485,-0.40511962529249806
C119_03C-M,C119,20220930,C1,Iluma,Broiler,M,C,42.0,Na0.34CI0.25,5.0,4.714681906137759,53,22.264705882352942,3.1030027288212874,67.3529411764706,4.209946571932124,0.38524173027989816,-0.953884270865913
C119_04C-M,C119,20220930,C1,Iluma,Broiler,M,C,42.0,Na0.34CI0.25,5.0,2.8096102029175087,72,20.47872340425532,3.019386464451881,49.16094986807387,3.8950996064817502,0.1052833078101072,-2.2511003927297506
C119_05C-M,C119,20220930,C1,Iluma,Broiler,M,C,42.0,Na0.34CI0.25,5.0,4.684363403806259,121,0.3627693394560226,-1.0139880751833414,3.5045150014564515,1.2540521375758322,0.06695788238362238,-2.7036914783962462
C119_06C-M,C119,20220930,C1,Iluma,Broiler,M,C,42.0,Na0.34CI0.25,5.0,5.675478229301267,130,0.35434782608695653,-1.0374762886763784,9.996560619088562,2.302241095742631,0.0217101758124667,-3.829974196899637
C120_01C-M,C120,20220930,C1,Iluma,Broiler,M,C,42.0,Na0.40CI0.25,6.0,5.435218614792521,101,0.686842105263158,-0.37565084539773785,15.255972696245733,2.724971078590547,0.02762781835503335,-3.588932102446441
C120_02C-M,C120,20220930,C1,Iluma,Broiler,M,C,42.0,Na0.40CI0.25,6.0,5.318715902080691,107,2.1707317073170733,0.7750643030278321,29.352713178294564,3.379384984192205,0.045876288659793825,-3.0818068823252336
C120_03C-M,C120,20220930,C1,Iluma,Broiler,M,C,42.0,Na0.40CI0.25,6.0,5.286783562352067,115,1.0850000000000002,0.08157998699242304,23.867992766726946,3.1725383466066197,0.02817084252888485,-3.5694677888125064
C120_04C-M,C120,20220930,C1,Iluma,Broiler,M,C,42.0,Na0.40CI0.25,6.0,4.245886290351145,100,18.704225352112676,2.928749452995064,12.514372163388803,2.526877756896524,0.1818928913847418,-1.7043372740197067
C120_05C-M,C120,20220930,C1,Iluma,Broiler,M,C,42.0,Na0.40CI0.25,6.0,5.37087963656773,128,2.675324675324675,0.9840707469358971,21.43257443082312,3.0649119343664757,0.030886873078941446,-3.477424004791518
C120_06C-M,C120,20220930,C1,Iluma,Broiler,M,C,42.0,Na0.40CI0.25,6.0,4.988057842717511,123,0.5308056872037915,-0.6333592621809718,18.486180904522616,2.9170234748231905,0.02093457943925234,-3.8663529685949576
0142_01C-M,142.0,20230228,E351,Iluma,Broiler,M,C,42.0,NegativeControl,1.0,5.213678240742519,106,1.2680851063829788,0.23750797236124555,7.209345794392523,1.9753782113122211,0.0331811602271462,-3.4057730271655453
0142_02C-M,142.0,20230228,E351,Iluma,Broiler,M,C,42.0,NegativeControl,1.0,6.206161416435722,175,0.0498960498960499,-2.9978134397578153,8.76593886462882,2.1708736278254603,0.004019427231619495,-5.5166158661990465
0142_03C-M,142.0,20230228,E351,Iluma,Broiler,M,C,42.0,NegativeControl,1.0,6.428822255552301,171,0.43812709030100333,-0.8252462501895349,6.4057971014492745,1.8572033774804386,0.024016866807223394,-3.7289989118366598
0142_04C-M,142.0,20230228,E351,Iluma,Broiler,M,C,42.0,NegativeControl,1.0,6.098518284730483,126,0.548951048951049,-0.5997460054715446,14.842900302114801,2.697521656791585,0.027568042142230027,-3.5910980705329743
0142_05C-M,142.0,20230228,E351,Iluma,Broiler,M,C,42.0,NegativeControl,1.0,5.087746852107943,96,0.3456221198156682,-1.0624092400041492,1.464033850493653,0.3811955371937064,0.02508780732563974,-3.685373314784649
0142_06C-M,142.0,20230228,E351,Iluma,Broiler,M,C,42.0,NegativeControl,1.0,4.536647174916017,71,0.75,-0.2876820724517809,7.093348891481915,1.9591575691509429,0.0170242214532872,-4.073118157608215
0143_01C-M,143.0,20230228,E351,Iluma,Broiler,M,C,42.0,Color105,2.0,5.327524965889753,105,20.5,3.0204248861443626,43.95977011494253,3.783274900107337,0.06789685356044477,-2.689765584807169
0143_02C-M,143.0,20230228,E351,Iluma,Broiler,M,C,42.0,Color105,2.0,5.587549370486389,131,1.1390243902439023,0.13017209797054374,5.181015452538633,1.6450010703679898,0.06652421652421653,-2.7101892393509592
0143_05C-M,143.0,20230228,E351,Iluma,Broiler,M,C,42.0,Color105,2.0,6.723819859051186,209,1.5412844036697249,0.43261609717411525,6.762059973924381,1.9113275735046267,0.036721311475409836,-3.3043979983063627
0144_01C-M,144.0,20230228,E351,Iluma,Broiler,M,C,42.0,Color106,3.0,6.101774682951676,126,12.588235294117647,2.5327626709656355,25.000000000000004,3.218875824868201,0.09016220771013271,-2.406144922969521
0144_04C-M,144.0,20230228,E351,Iluma,Broiler,M,C,42.0,Color106,3.0,6.37463854122294,165,0.7640750670241286,-0.2690892393751651,8.185300207039337,2.1023398878584088,0.026598226784881007,-3.626910727639027
0144_05C-M,144.0,20230228,E351,Iluma,Broiler,M,C,42.0,Color106,3.0,6.169118364030646,154,3.175675675675676,1.1555204209399892,4.71090448013525,1.5498799235911498,0.05721241631162508,-2.860984335767264
0144_06C-M,144.0,20230228,E351,Iluma,Broiler,M,C,42.0,Color106,3.0,6.270655360013839,155,2.158536585365854,0.7694304853095761,5.301397205588823,1.6679704095114598,0.047193707505665906,-3.053494710835862
0145_01C-M,145.0,20230228,E351,Iluma,Broiler,M,C,42.0,Color108,5.0,6.665632372491107,206,3.058536585365854,1.1179365614945127,8.478900883218841,2.1375808285753766,0.055614688664183086,-2.8893079280085994
0145_02C-M,145.0,20230228,E351,Iluma,Broiler,M,C,42.0,Color108,5.0,6.76405432972144,210,3.4201183431952664,1.229675153749304,11.005714285714285,2.3984146184345567,0.04799468570954081,-3.0366649885881025
0145_03C-M,145.0,20230228,E351,Iluma,Broiler,M,C,42.0,Color108,5.0,6.161228556366454,140,1.7272727272727275,0.54654370636807,9.180000000000001,2.2170272046323993,0.04768477851675242,-3.0431430406773163
0145_04C-M,145.0,20230228,E351,Iluma,Broiler,M,C,42.0,Color108,5.0,6.384917285725712,191,2.1366459627329193,0.7592372923889353,21.948497854077253,3.0886987022854315,0.02649414664202095,-3.6308314518210287
0145_05C-M,145.0,20230228,E351,Iluma,Broiler,M,C,42.0,Color108,5.0,6.4325061671595325,158,2.6728971962616828,0.9831629763579466,16.707602339181282,2.815863845728113,0.03761178327196213,-3.280437892788467
0146_01C-M,146.0,20230228,E351,Iluma,Broiler,M,C,42.0,Color105_Liprex,8.0,6.487444283916313,191,4.376470588235294,1.47624259778283,7.239852398523985,1.9796008192456076,0.08929428708593373,-2.415817767547771
0146_02C-M,146.0,20230228,E351,Iluma,Broiler,M,C,42.0,Color105_Liprex,8.0,6.449766267751231,172,2.3705357142857144,0.863115969386899,6.8617131062951495,1.9259571345116886,0.060006780427166916,-2.8132977160254113
0146_03C-M,146.0,20230228,E351,Iluma,Broiler,M,C,42.0,Color105_Liprex,8.0,6.437308776088693,190,2.0075187969924815,0.6968995301784959,6.845470692717584,1.9235872208346214,0.05264714581484769,-2.9441432524158007
0146_04C-M,146.0,20230228,E351,Iluma,Broiler,M,C,42.0,Color105_Liprex,8.0,6.515863095721381,203,1.9777158774373258,0.6819425815470822,5.653291536050157,1.7322379482809618,0.06023585305845424,-2.8094875381912083
0146_05C-M,146.0,20230228,E351,Iluma,Broiler,M,C,42.0,Color105_Liprex,8.0,6.065142928301616,174,9.181818181818182,2.217225244042889,12.64199192462988,2.5370239652767563,0.00808258642765685,-4.818043355238208
0146_06C-M,146.0,20230228,E351,Iluma,Broiler,M,C,42.0,Color105_Liprex,8.0,5.440856587610025,103,3.1511627906976747,1.1477715246261933,13.75132275132275,2.621135019581848,0.046159087037983305,-3.075661435184485
0147_01C-M,147.0,20230228,E351,Iluma,Broiler,M,C,42.0,Color105_Norgrape,9.0,6.475758303386729,174,2.5891472868217056,0.9513285886150283,15.348785871964683,2.731036374615984,0.03494820550381919,-3.353888156289479
0147_02C-M,147.0,20230228,E351,Iluma,Broiler,M,C,42.0,Color105_Norgrape,9.0,6.370815769320548,149,3.343137254901961,1.2069096639992458,15.832898172323759,2.7620899381415613,0.04267300713302466,-3.154188710090946
0147_03C-M,147.0,20230228,E351,Iluma,Broiler,M,C,42.0,Color105_Norgrape,9.0,6.622672999621761,215,4.483516483516484,1.5004076678873117,8.456916996047429,2.1349846859295747,0.09116639356472515,-2.3950689414264255
0147_04C-M,147.0,20230228,E351,Iluma,Broiler,M,C,42.0,Color105_Norgrape,9.0,6.515993727854403,193,3.848888888888888,1.3477845063580147,7.732447817836811,2.0454254771336005,0.08233504468530137,-2.4969584455868548
0147_05C-M,147.0,20230228,E351,Iluma,Broiler,M,C,42.0,Color105_Norgrape,9.0,6.786512421828702,223,1.3345454545454547,0.2885907503879991,14.213675213675213,2.6542045443951716,0.018628496015430693,-3.983062826804512
0147_06C-M,147.0,20230228,E351,Iluma,Broiler,M,C,42.0,Color105_Norgrape,9.0,5.444680158984335,144,1.4339963833634721,0.3604652201125133,3.129017233348859,1.140718972293457,0.08153403249023237,-2.506734769328883
0148_01C-M,148.0,20230228,E351,Iluma,Broiler,M,C,42.0,Color106_LowBixin,10.0,5.9016041022897054,151,59.73684210526316,4.089948950749062,15.571153846153848,2.7454200901106414,0.2821277653492419,-1.265395242034285
0148_02C-M,148.0,20230228,E351,Iluma,Broiler,M,C,42.0,Color106_LowBixin,10.0,4.787395511944284,118,8.26923076923077,2.1125414901061808,2.9340128755364807,1.0763710681012362,0.019757397537217423,-3.924227298918208
0148_03C-M,148.0,20230228,E351,Iluma,Broiler,M,C,42.0,Color106_LowBixin,10.0,6.357493314027278,169,8.0,2.0794415416798357,29.846715328467152,3.3960747945365175,0.017197256628109326,-4.063005406249683
0148_04C-M,148.0,20230228,E351,Iluma,Broiler,M,C,42.0,Color106_LowBixin,10.0,5.667794313791962,118,2.238095238095238,0.8056251639866356,2.4266304347826084,0.886503642707568,0.007258687258687259,-4.92555628485768
0148_05C-M,148.0,20230228,E351,Iluma,Broiler,M,C,42.0,Color106_LowBixin,10.0,6.536408780840382,181,4.29064039408867,1.4564359978107155,7.751662971175166,2.0479073972727475,0.0984069596655745,-2.318643749116374
0148_06C-M,148.0,20230228,E351,Iluma,Broiler,M,C,42.0,Color106_LowBixin,10.0,5.452541264210416,147,5.086956521739131,1.6266797188686064,8.424846625766872,2.1311852714159674,0.011441423821631139,-4.470514840842188
0149_01C-M,149.0,20230228,E351,Iluma,Broiler,M,C,42.0,Color106_MedBixin,11.0,6.418740753067983,192,2.251968503937008,0.8118047243612613,31.595375722543356,3.4530107719902343,0.020270749167198242,-3.898576359793305
0149_02C-M,149.0,20230228,E351,Iluma,Broiler,M,C,42.0,Color106_MedBixin,11.0,5.53743757994449,124,5.191489361702128,1.6470206235831433,35.74866310160428,3.576512872681457,0.03135843721886647,-3.462271918323728
0149_03C-M,149.0,20230228,E351,Iluma,Broiler,M,C,42.0,Color106_MedBixin,11.0,6.047739268326734,155,3.1068702290076335,1.1336158622414434,9.516770186335405,2.2530555250982576,0.04199772985244041,-3.170139713291955
0149_04C-M,149.0,20230228,E351,Iluma,Broiler,M,C,42.0,Color106_MedBixin,11.0,5.750169185990983,164,22.913043478260867,3.1317063326122128,13.485185185185184,2.6015916891770585,0.039375373580394495,-3.234614694125298
0149_05C-M,149.0,20230228,E351,Iluma,Broiler,M,C,42.0,Color106_MedBixin,11.0,4.536439469886535,93,43.8235294117647,3.7801708743233435,8.251366120218579,2.1103787769675493,0.13321412606168978,-2.015797474984725
0149_06C-M,149.0,20230228,E351,Iluma,Broiler,M,C,42.0,Color106_MedBixin,11.0,5.093855973867508,115,3.8282828282828287,1.3424163549478365,3.7207752877044205,1.3139320572437991,0.039401185154381964,-3.233959383070189
0150_01C-M,150.0,20230228,E351,Iluma,Broiler,M,C,42.0,Color106_HighBixin,12.0,6.377382840313597,185,5.979591836734694,1.7883523109064408,62.400000000000006,4.133565275375382,0.024847354138398916,-3.6950040054120503
0150_02C-M,150.0,20230228,E351,Iluma,Broiler,M,C,42.0,Color106_HighBixin,12.0,6.533887791888164,197,5.61842105263158,1.7260506729422935,56.38636363636365,4.03222734977354,0.035277594183740914,-3.344507242239567
0150_03C-M,150.0,20230228,E351,Iluma,Broiler,M,C,42.0,Color106_HighBixin,12.0,5.553929345809443,83,0.6279069767441859,-0.46536324968923354,4.991119005328597,1.6076601341881012,0.021383315733896516,-3.84514429963353
0150_04C-M,150.0,20230228,E351,Iluma,Broiler,M,C,42.0,Color106_HighBixin,12.0,5.836172233910121,137,1.2185792349726776,0.19768561861869782,3.48936170212766,1.24971882611414,0.0400035877657189,-3.2187861347475075
0150_05C-M,150.0,20230228,E351,Iluma,Broiler,M,C,42.0,Color106_HighBixin,12.0,5.914062604580304,142,0.41834862385321103,-0.8714401657088032,7.951417004048584,2.073350152286434,0.022718214428058988,-3.784588278531872
0150_06C-M,150.0,20230228,E351,Iluma,Broiler,M,C,42.0,Color106_HighBixin,12.0,6.559954621181372,195,1.7027027027027026,0.5322168137473082,25.248576850094878,3.2287697917604707,0.0036786173070185685,-5.605218329194605
